Fund Name,P1,P2,P3,P4,P5,Topsis Score,Rank
M1,0.94,0.88,5.6,34.9,10.58,0.44161848027789313,7
M2,0.94,0.88,4.5,32.7,9.76,0.4057379197912059,8
M3,0.74,0.55,4.4,57.8,15.87,0.4841467949546367,6
M4,0.6,0.36,5.0,63.0,17.24,0.5657378457367949,4
M5,0.61,0.37,3.4,65.3,17.42,0.5009779486954893,5
M6,0.74,0.55,6.9,44.4,13.15,0.631272154072775,1
M7,0.65,0.42,5.4,62.9,17.34,0.572966735805037,3
M8,0.63,0.4,7.0,64.5,18.13,0.6234226433987898,2
